"CHROM","POS","ID","ALT","REF","OBS_CT","OR","P","sig"
16,78115058,"rs79028160","C","G",22660,2.38785,2.0389e-07,TRUE
20,58708298,"rs116882413","C","T",22665,2.80618,1.79019e-06,TRUE
12,10622175,"rs77071066","T","C",22686,2.51382,4.76315e-06,TRUE
12,109057112,"rs117865607","T","C",22609,1.80535,4.9944e-06,TRUE
1,90789807,"rs4281314","G","A",22619,0.66989,6.44208e-06,TRUE
2,49696714,"rs76906755","T","C",22550,1.70475,6.59733e-06,TRUE
12,115376627,"rs73210608","A","G",22597,1.60249,9.48562e-06,TRUE
18,7248746,"rs117456451","T","C",22664,1.60596,1.00486e-05,FALSE
18,43974865,"rs78776541","G","A",22665,1.51534,1.13428e-05,FALSE
10,80169609,"rs117423822","T","G",22664,2.04279,1.42289e-05,FALSE
11,72064041,"rs79658353","A","G",22682,2.32593,1.48797e-05,FALSE
8,79847288,"rs10098207","A","C",22636,1.49308,1.86029e-05,FALSE
10,120741571,"rs567330","T","C",22578,1.85126,1.88832e-05,FALSE
21,15434955,"rs185314536","A","G",22685,2.142,2.2751e-05,FALSE
16,1388618,"rs11642118","A","G",21776,2.14479,2.28308e-05,FALSE
1,178425132,"rs387933","G","A",22625,1.66166,2.62979e-05,FALSE
6,44280609,"rs116516830","T","C",22639,1.83785,2.93939e-05,FALSE
11,72008410,"rs75219483","T","C",22682,2.26312,2.94063e-05,FALSE
1,45298252,"rs11573570","C","T",22397,1.78474,2.99994e-05,FALSE
15,33265956,"rs17228999","T","G",22679,1.94017,3.115e-05,FALSE
12,65823190,"rs116974349","A","G",22635,2.06651,3.46145e-05,FALSE
2,63794888,"rs6735699","T","G",22677,2.00415,3.95955e-05,FALSE
2,49743079,"rs78925119","A","C",22664,1.61798,4.02314e-05,FALSE
4,173156114,"rs77959133","T","C",22667,2.09191,4.5796e-05,FALSE
8,92064862,"rs7341609","G","A",22622,1.34382,4.6441e-05,FALSE
4,173088087,"rs17058085","T","G",22648,0.742714,4.65609e-05,FALSE
8,83771472,"rs118090712","C","A",22315,2.14606,4.73395e-05,FALSE
2,10010768,"rs12611894","C","T",22604,1.31869,4.85112e-05,FALSE
5,71245810,"rs1217744","C","T",22646,0.749694,4.91414e-05,FALSE
2,115300340,"rs116241448","T","C",22643,1.85318,4.91604e-05,FALSE
7,46702939,"rs41421445","A","G",22636,1.32807,5.44549e-05,FALSE
11,134209565,"rs117959046","T","C",22679,1.84559,5.48467e-05,FALSE
7,143083411,"rs4725616","A","G",22592,0.748862,5.53538e-05,FALSE
5,112220636,"rs116738471","C","T",22684,2.0383,5.59973e-05,FALSE
6,71795385,"rs16869791","G","A",22666,1.39165,5.90653e-05,FALSE
12,109221123,"rs117096112","A","G",22691,1.96141,6.26976e-05,FALSE
3,78658127,"rs76757975","A","C",22690,1.96737,6.53611e-05,FALSE
16,29204338,"rs35309968","T","C",22657,1.72973,6.68722e-05,FALSE
9,96441783,"rs73523944","C","T",22636,2.10635,7.49388e-05,FALSE
10,124839468,"rs72840932","T","C",22637,1.8995,7.68755e-05,FALSE
