CHROM,POS,ID,REF,ALT,OR,P,gene_name,type,gene_pos,distance,distance_direction
16,78115058,rs79028160,G,C,2.38785,2.0389e-07,CLEC3A,three_prime_utr,16:78099874-78100658:+,14399,downstream
20,58708298,rs116882413,T,C,2.80618,1.79019e-06,RP5-1043L13.1,NA,20:58662895-59102516:+,0,NA
12,10622175,rs77071066,C,T,2.51382,4.76315e-06,KLRC1,NA,12:10594863-10607284:-,14890,upstream
12,109057112,rs117865607,C,T,1.80535,4.9944e-06,CORO1C,NA,12:109038885-109125372:-,0,NA
1,90789807,rs4281314,A,G,0.66989,6.44208e-06,RNU6-695P,NA,1:90719014-90719117:-,70689,upstream
2,49696714,rs76906755,C,T,1.70475,6.59733e-06,RNU6-439P,NA,2:49460933-49461038:-,235675,upstream
12,115376627,rs73210608,G,A,1.60249,9.48562e-06,RP11-25E2.1,NA,12:115515130-115517958:+,138502,upstream
18,7248746,rs117456451,C,T,1.60596,1.00486e-05,LRRC30,three_prime_utr,18:7232043-7232045:+,16700,downstream
18,43974865,rs78776541,A,G,1.51534,1.13428e-05,RNF165,NA,18:43906772-44043103:+,0,NA
10,80169609,rs117423822,G,T,2.04279,1.42289e-05,LINC00856,NA,10:80008505-80434724:+,0,NA
11,72064041,rs79658353,G,A,2.32593,1.48797e-05,RP11-45F15.1,exon,11:72063816-72064254:+,0,NA
8,79847288,rs10098207,C,A,1.49308,1.86029e-05,RP11-79H23.3,exon,8:79749764-79752757:+,94530,downstream
10,120741571,rs567330,C,T,1.85126,1.88832e-05,RP11-498J9.2,exon,10:120763048-120763186:-,21476,downstream
21,15434955,rs185314536,G,A,2.142,2.2751e-05,AP001347.6,NA,21:15399742-15516789:+,0,NA
16,1388618,rs11642118,G,A,2.14479,2.28308e-05,BAIAP3,exon,16:1388541-1388681:+,0,NA
1,178425132,rs387933,A,G,1.66166,2.62979e-05,RASAL2,NA,1:178062864-178448644:+,0,NA
6,44280609,rs116516830,C,T,1.83785,2.93939e-05,AARS2,NA,6:44267391-44281063:-,0,NA
11,72008410,rs75219483,C,T,2.26312,2.94063e-05,CLPB,NA,11:72003469-72145692:-,0,NA
1,45298252,rs11573570,T,C,1.78474,2.99994e-05,PTCH2,NA,1:45285516-45308735:-,0,NA
15,33265956,rs17228999,G,T,1.94017,3.115e-05,FMN1,NA,15:33057747-33486897:-,0,NA
12,65823190,rs116974349,G,A,2.06651,3.46145e-05,MSRB3,NA,12:65672423-65882024:+,0,NA
2,63794888,rs6735699,G,T,2.00415,3.95955e-05,WDPCP,NA,2:63348518-64054977:-,0,NA
2,49743079,rs78925119,C,A,1.61798,4.02314e-05,RNU6-439P,NA,2:49460933-49461038:-,282040,upstream
4,173156114,rs77959133,C,T,2.09191,4.5796e-05,GALNTL6,NA,4:172733405-173962710:+,0,NA
8,92064862,rs7341609,A,G,1.34382,4.6441e-05,GS1-251I9.4,exon,8:92072137-92075974:-,7274,downstream
4,173088087,rs17058085,G,T,0.742714,4.65609e-05,GALNTL6,NA,4:172733405-173962710:+,0,NA
8,83771472,rs118090712,A,C,2.14606,4.73395e-05,RP11-731N10.1,exon,8:83775014-83775345:-,3541,downstream
2,10010768,rs12611894,T,C,1.31869,4.85112e-05,TAF1B,NA,2:9983483-10074545:+,0,NA
5,71245810,rs1217744,T,C,0.749694,4.91414e-05,MAP1B,NA,5:71403061-71505395:+,157250,upstream
2,115300340,rs116241448,C,T,1.85318,4.91604e-05,DPP10,NA,2:115199876-116603328:+,0,NA
7,46702939,rs41421445,G,A,1.32807,5.44549e-05,AC011294.3,exon,7:46713383-46713849:-,10443,downstream
11,134209565,rs117959046,C,T,1.84559,5.48467e-05,GLB1L2,NA,11:134201768-134248235:+,0,NA
7,143083411,rs4725616,G,A,0.748862,5.53538e-05,ZYX,NA,7:143078173-143088204:+,0,NA
5,112220636,rs116738471,T,C,2.0383,5.59973e-05,REEP5,NA,5:112212084-112258236:-,0,NA
6,71795385,rs16869791,A,G,1.39165,5.90653e-05,RP1-20N4.1,exon,6:71785267-71786078:+,9306,downstream
12,109221123,rs117096112,G,A,1.96141,6.26976e-05,SSH1,exon,12:109221039-109221327:-,0,NA
3,78658127,rs76757975,C,A,1.96737,6.53611e-05,ROBO1,NA,3:78646390-79816965:-,0,NA
16,29204338,rs35309968,C,T,1.72973,6.68722e-05,RP11-426C22.5,NA,16:29127448-29229181:+,0,NA
9,96441783,rs73523944,T,C,2.10635,7.49388e-05,PHF2,three_prime_utr,9:96439959-96441869:+,0,NA
10,124839468,rs72840932,C,T,1.8995,7.68755e-05,ACADSB,three_prime_utr,10:124813282-124817827:+,21640,downstream
